vp,nss_same_minus_other
BVB0,-0.355699398376787
BVB1,-0.256326208380162
BVB2,-0.589556650012394
BVB3,-0.267617087401598
BVB4,-0.161282255472026
BVB5,-0.172290623606
FCB0,0.264123455764708
FCB1,0.172978474936472
FCB2,-0.00869863477783184
FCB3,0.235446143736526
FCB4,0.329714722959037
FCB5,-0.0868141015035916
FCB6,0.123693804370263
FCB7,0.0720360836783534
FCB8,0.229112654694294
